ID,Type,Title,Date,Time,Location,Format,Status,Featured,Summary,Full Description,Topics (| separated),Capacity,Registered,Prerequisites,Agenda (one per line),Speakers (one per line),Past Action,Highlights (one per line),Image Filenames (| separated),Notes for Web Team
1,Competition,IndustrySolve Ideathon ,13th September 2025,9:00 AM - 6:00 PM IST ,Delhi,In-Person Conference,Past,No,"Ideathon on real-world industry challenges, innovative solution development, and collaborative problem-solving.","The IndustrySolve Ideathon 2025, organised by the Centre of Product Development (CiPD), IIITD, brought together aspiring innovators to solve real-world industry challenges through creative and impactful solution concepts. As the first phase of the IndustrySolve Hackathon series, the event encouraged collaborative ideation, critical thinking, and structured problem-solving. Participants showcased innovative ideas aligned with practical industry needs, with selected teams advancing to the Product-a-Thon phase for prototype and POC development.",Innovation-Driven Problem Solving | Industry Challenges | Product Ideation | Prototype Development | Industry-Academia Collaboration,70,1000,,"10:00 AM | Registration | CiPD, IIITD
10:30 AM | Introduction to IndustrySolve Ideathon 2025 & Problem Statements | Moderator
11:00 PM | Team Formation & Mentorship Briefing | Organising Team
12:00 AM | Ideation Sprint & Solution Brainstorming | Participants
1:00 PM | Lunch Break | Networking Session
2:00 PM | Pitch Preparation & Submission Support | Facilitators
4:00 PM | Team Idea Presentations | Jury Panel
5:00 PM | Jury Feedback & Shortlisting Announcement | Evaluation Committee
6:00 PM | Closing Remarks & Product-a-Thon Roadmap | CiPD, IIITD",,View Highlights,"70+ participants engaged in innovation-driven problem solving
Industry-focused challenges tackled through creative solution ideas
Expert mentoring and jury evaluation sessions conducted
Top teams shortlisted for the Product-a-Thon phase
Strong focus on collaboration, innovation, and real-world impact",IMG_3104.jpeg | IMG-20250913-WA1600.jpg | IMG-20250913-WA1699.jpg | IMG-20250913-WA1023.jpg | IMG-20250913-WA0202.jpg | IMG-20250913-WA0228.jpg,https://photos.app.goo.gl/UTqtbqT595J4X7Wo8
2,Workshop,Electronics & Robotics Workshop ,11th October 2025,9:00 AM - 6:00 PM IST ,Delhi,In-Person Conference,Past,No,"Electronics, robotics, and coding skills through hands-on hardware projects, robot building, and interactive challenges.","This hands-on workshop introduced participants to the fundamentals of electronics, robotics, hardware systems, and C++ coding through an immersive learning-by-building approach. Participants developed multiple hardware projects and functional robots, including line followers and obstacle avoiders, while engaging in interactive activities such as Robo Races and Robo Soccer. Guided by experienced mentors, the workshop enabled learners to apply theoretical concepts in real-time and gain practical exposure to product development and innovation.",Electronics Fundamentals | Robotics & Automation | Embedded Hardware Projects | Hands-on Product Development,,,,"09:00 AM | Registration | CiPD, IIITD
10:00 AM | Introduction to Electronics, Robotics & C++ Basics | Mentors
11:30 AM | Hands-on Hardware & Robot Building Session | Participants
1:30 PM | Interactive Robo Challenges & Team Activities | Workshop Team
3:30 PM | Project Demonstrations & Mentor Feedback | Evaluation Panel
5:00 PM | Closing Remarks & Certificate Distribution | CiPD, IIITD",,View Highlights,"Functional robots built including line followers and obstacle avoiders
Practical exposure to electronics, hardware, and C++ coding
Interactive Robo Races, Robo Soccer, and Pick & Place challenges conducted
Strong focus on teamwork, creativity, and real-world problem-solving
Beginner-friendly learning experience guided by expert mentors",IMG-20251012-WA0271.jpg  | IMG-20251012-WA0267.jpg |  IMG-20251012-WA0266.jpg |  20251012_110829.jpg |  IMG-20251012-WA0284.jpg | 20251012_122208.jpg |,https://photos.app.goo.gl/Nr5NQPpPh1QCwwiu5
3,Competition,IndustrySolve Product-a-Thon 2025,16th November 2025,9:00 AM - 6:00 PM IST ,Delhi,In-Person Conference,Past,No,"Build real-world prototypes and Proof of Concepts (POCs) by combining hardware, software, and design to solve industry-driven challenges.","The IndustrySolve Product-a-Thon 2025, organised as the second phase of the IndustrySolve Hackathon, enabled participants to transform innovative ideas into functional prototypes and Proof of Concepts (POCs). Teams collaborated intensively using hardware, software, and design approaches while receiving mentorship and practical exposure to real industry problem-solving. The event fostered innovation, teamwork, and hands-on product development through competitive challenges, prototype building, and solution refinement.",Prototype Development | Industry Problem Solving | Hardware-Software Integration | Product Innovation | Proof of Concept (POC) Development,,,,,,View Highlights,,"IMG-20251117-WA0509.jpg | IMG-20251117-WA0508.jpg |
 IMG_2467.JPG 20251116_174147.jpg 
IMG-20251117-WA0546.jpg",https://photos.app.goo.gl/Ra7fKyTRMZUTn1yn7
15,Workshop,Adroitec Visit ,22nd January 2026,10:00 AM - 5:00 PM IST ,Delhi,In-Person Conference,Past,No,,,,,,,,,,,,
19,Industry Visit,STMicroelectronics Visit ,17th February 2026,10:00 AM - 5:00 PM IST ,Delhi,In-Person Conference,Past,No,,,,,,,,,,,,
22,Event,E-Pitch Cafe 2026,14th March 2026,9:00 AM - 6:00 PM IST,Delhi,In-Person Conference,Past,No,"E-Pitch Café 2026 Focused acceleration of ESDM startups through strategic pitching, funding support, and mentorship-driven product development.","E-Pitch Café 2026, held on 14 March 2026 as part of the E-Summit at Indraprastha Institute of Information Technology Delhi, was a flagship startup pitch and funding event focused on accelerating Electronics System Design and Manufacturing (ESDM) innovations. The initiative brought together around 300 applicants, including student innovators, entrepreneurs, and startup teams, with 37 shortlisted teams pitching their ideas to expert panels.Structured across two tracks—Protostar (idea to POC) and Superstar (POC to prototype)—the event aimed to support startups at different stages of product development. A total funding pool of ₹30 lakhs was allocated, with 17 high-potential teams receiving grants to further develop their solutions.Evaluated by 25+ industry and academic experts across five specialised panels, startups were assessed on technical feasibility, market relevance, and execution clarity. Beyond funding, selected teams gained access to mentorship, incubation, infrastructure, and industry partnerships through the Centre for Intelligent Product Development (CiPD).The event was executed by CiPD  and student representatives from IIITD.",Startup Pitching | Grant Funding | ESDM Product Innovation | Proof of Concept (POC) to Prototype | Investor Readiness | Technical & Market Validation | Hardware Product Development | Early-Stage Startup Acceleration,,,,"10:00 AM | Registration & Check-in | CiPD, IIITD
11:00 AM | Welcome & Event Overview | Organising Team
11:30 AM | Startup Pitch Session I | Jury Panels
01:30 PM | Break & Networking | Participants
02:00 PM | Startup Pitch Session II | Jury Panels
04:00 PM | Ecosystem Briefing & Roadmap | CiPD Team
05:00 PM | Awards & Closing Ceremony | CiPD, IIITD","
",View Highlights,"• ~300 startup applications received across ESDM domain
• 37 high-potential teams shortlisted for Pitch Day
• 17 startups awarded funding from a ₹30 lakh pool
• Two tracks: Idea to POC (Protostar) and POC to Prototype (Superstar)
• Evaluated by 25+ expert panelists across specialised domains
• Strong focus on funding, mentorship, and product acceleration
• Access to CiPD ecosystem including labs, incubation, and industry support","_DSC0169.JPG | IMG_1670.HEIC | _DSC0148.JPG | IMG_1452.HEIC |
_DSC0115.JPG | _DSC0120.JPG | _DSC0123.JPG | IMG_1633.HEIC","https://photos.app.goo.gl/t4c3jtNijKuG8eqg6

"
28,Event,EP BOOT Camp Student Visit,,,,,Past,No,,,,,,,,,,,,
35,Event,STM Felicitation,23rd April 2026,,,,Past,No,,,,,,,,,,,,https://drive.google.com/drive/u/0/folders/1YZTBttV6MoENfP1F7VnC3nOy9_62SkWp